{"stats":{"minecraft:custom":{"minecraft:jump":87,"minecraft:time_since_rest":8204,"enigmaticlegacy:play_time_with_seven_curses":0,"minecraft:crouch_one_cm":155,"minecraft:leave_game":4,"minecraft:play_time":8204,"minecraft:sprint_one_cm":8903,"minecraft:time_since_death":8204,"minecraft:walk_one_cm":56498,"minecraft:sneak_time":18,"enigmaticlegacy:play_time_without_seven_curses":8204,"minecraft:total_world_time":8204,"minecraft:fall_one_cm":209,"minecraft:fly_one_cm":10294}},"DataVersion":3465}